Date,GWL
08.11.1976 00:00:00,30.1
15.11.1976 00:00:00,30.1
22.11.1976 00:00:00,30.11
29.11.1976 00:00:00,30.14
06.12.1976 00:00:00,30.19
13.12.1976 00:00:00,30.24
20.12.1976 00:00:00,30.28
27.12.1976 00:00:00,30.3
03.01.1977 00:00:00,30.32
10.01.1977 00:00:00,30.35
17.01.1977 00:00:00,30.39
24.01.1977 00:00:00,30.42
31.01.1977 00:00:00,30.55
07.02.1977 00:00:00,30.57
14.02.1977 00:00:00,30.68
21.02.1977 00:00:00,30.72
28.02.1977 00:00:00,30.75
07.03.1977 00:00:00,30.79
14.03.1977 00:00:00,30.94
21.03.1977 00:00:00,31
28.03.1977 00:00:00,31.005
04.04.1977 00:00:00,31.01
11.04.1977 00:00:00,31.06
18.04.1977 00:00:00,31.09
25.04.1977 00:00:00,31.04
02.05.1977 00:00:00,31.01
09.05.1977 00:00:00,30.96
16.05.1977 00:00:00,30.91
23.05.1977 00:00:00,30.89
30.05.1977 00:00:00,30.74
06.06.1977 00:00:00,30.69
13.06.1977 00:00:00,30.74
20.06.1977 00:00:00,30.75
27.06.1977 00:00:00,30.69
04.07.1977 00:00:00,30.63
11.07.1977 00:00:00,30.55
18.07.1977 00:00:00,30.48
25.07.1977 00:00:00,30.44
01.08.1977 00:00:00,30.46
08.08.1977 00:00:00,30.5
15.08.1977 00:00:00,30.56
22.08.1977 00:00:00,30.58
29.08.1977 00:00:00,30.53
05.09.1977 00:00:00,30.46
12.09.1977 00:00:00,30.49
19.09.1977 00:00:00,30.44
26.09.1977 00:00:00,30.415
03.10.1977 00:00:00,30.39
10.10.1977 00:00:00,30.41
17.10.1977 00:00:00,30.43
24.10.1977 00:00:00,30.41
31.10.1977 00:00:00,30.4
07.11.1977 00:00:00,30.44
14.11.1977 00:00:00,30.46
21.11.1977 00:00:00,30.54
28.11.1977 00:00:00,30.57
05.12.1977 00:00:00,30.56
12.12.1977 00:00:00,30.62
19.12.1977 00:00:00,30.62
26.12.1977 00:00:00,30.65
02.01.1978 00:00:00,30.68
09.01.1978 00:00:00,30.74
16.01.1978 00:00:00,30.76
23.01.1978 00:00:00,30.75
30.01.1978 00:00:00,30.74
06.02.1978 00:00:00,30.75
13.02.1978 00:00:00,30.76
20.02.1978 00:00:00,30.74
27.02.1978 00:00:00,30.87
06.03.1978 00:00:00,30.88
13.03.1978 00:00:00,30.87
20.03.1978 00:00:00,30.89
27.03.1978 00:00:00,30.935
03.04.1978 00:00:00,30.98
10.04.1978 00:00:00,30.92
17.04.1978 00:00:00,30.87
24.04.1978 00:00:00,30.8
01.05.1978 00:00:00,30.76
08.05.1978 00:00:00,30.69
15.05.1978 00:00:00,30.65
22.05.1978 00:00:00,30.62
29.05.1978 00:00:00,30.59
05.06.1978 00:00:00,30.55
12.06.1978 00:00:00,30.52
19.06.1978 00:00:00,30.48
26.06.1978 00:00:00,30.465
03.07.1978 00:00:00,30.45
10.07.1978 00:00:00,30.48
17.07.1978 00:00:00,30.48
24.07.1978 00:00:00,30.43
31.07.1978 00:00:00,30.38
07.08.1978 00:00:00,30.36
14.08.1978 00:00:00,30.41
21.08.1978 00:00:00,30.33
28.08.1978 00:00:00,30.335
04.09.1978 00:00:00,30.34
11.09.1978 00:00:00,30.37
18.09.1978 00:00:00,30.51
25.09.1978 00:00:00,30.52
02.10.1978 00:00:00,30.6
09.10.1978 00:00:00,30.64
16.10.1978 00:00:00,30.63
23.10.1978 00:00:00,30.62
30.10.1978 00:00:00,30.63
06.11.1978 00:00:00,30.62
13.11.1978 00:00:00,30.61
20.11.1978 00:00:00,30.59
27.11.1978 00:00:00,30.57
04.12.1978 00:00:00,30.55
11.12.1978 00:00:00,30.56
18.12.1978 00:00:00,30.65
25.12.1978 00:00:00,30.65
01.01.1979 00:00:00,30.78
08.01.1979 00:00:00,30.78
15.01.1979 00:00:00,30.79
22.01.1979 00:00:00,30.82
29.01.1979 00:00:00,30.85
05.02.1979 00:00:00,30.91
12.02.1979 00:00:00,30.86
19.02.1979 00:00:00,30.83
26.02.1979 00:00:00,30.91
05.03.1979 00:00:00,31.23
12.03.1979 00:00:00,31.2
19.03.1979 00:00:00,31.16
26.03.1979 00:00:00,31.22
02.04.1979 00:00:00,31.28
09.04.1979 00:00:00,31.26
16.04.1979 00:00:00,31.16
23.04.1979 00:00:00,31.17
30.04.1979 00:00:00,31.14
07.05.1979 00:00:00,31.2
14.05.1979 00:00:00,31.14
21.05.1979 00:00:00,31.02
28.05.1979 00:00:00,30.97
04.06.1979 00:00:00,30.92
11.06.1979 00:00:00,30.89
18.06.1979 00:00:00,30.82
25.06.1979 00:00:00,30.76
02.07.1979 00:00:00,30.69
09.07.1979 00:00:00,30.63
16.07.1979 00:00:00,30.58
23.07.1979 00:00:00,30.62
30.07.1979 00:00:00,30.62
06.08.1979 00:00:00,30.59
13.08.1979 00:00:00,30.64
20.08.1979 00:00:00,30.58
27.08.1979 00:00:00,30.555
03.09.1979 00:00:00,30.53
10.09.1979 00:00:00,30.48
17.09.1979 00:00:00,30.46
24.09.1979 00:00:00,30.44
01.10.1979 00:00:00,30.4
08.10.1979 00:00:00,30.37
15.10.1979 00:00:00,30.34
22.10.1979 00:00:00,30.32
29.10.1979 00:00:00,30.3
05.11.1979 00:00:00,30.37
12.11.1979 00:00:00,30.48
19.11.1979 00:00:00,30.52
26.11.1979 00:00:00,30.51
03.12.1979 00:00:00,30.5
10.12.1979 00:00:00,30.54
17.12.1979 00:00:00,30.75
24.12.1979 00:00:00,30.8
31.12.1979 00:00:00,30.83
07.01.1980 00:00:00,30.87
14.01.1980 00:00:00,30.81
21.01.1980 00:00:00,30.72
28.01.1980 00:00:00,30.75
04.02.1980 00:00:00,30.78
11.02.1980 00:00:00,30.87
18.02.1980 00:00:00,31.05
25.02.1980 00:00:00,31.01
03.03.1980 00:00:00,31.03
10.03.1980 00:00:00,31.04
17.03.1980 00:00:00,30.98
24.03.1980 00:00:00,30.93
31.03.1980 00:00:00,30.92
07.04.1980 00:00:00,31.08
14.04.1980 00:00:00,31.01
21.04.1980 00:00:00,30.93
28.04.1980 00:00:00,31.02
05.05.1980 00:00:00,30.94
12.05.1980 00:00:00,30.84
19.05.1980 00:00:00,30.75
26.05.1980 00:00:00,30.735
02.06.1980 00:00:00,30.72
09.06.1980 00:00:00,30.64
16.06.1980 00:00:00,30.57
23.06.1980 00:00:00,30.63
30.06.1980 00:00:00,30.72
07.07.1980 00:00:00,30.77
14.07.1980 00:00:00,30.74
21.07.1980 00:00:00,30.78
28.07.1980 00:00:00,30.755
04.08.1980 00:00:00,30.73
11.08.1980 00:00:00,30.7
18.08.1980 00:00:00,30.67
25.08.1980 00:00:00,30.72
01.09.1980 00:00:00,30.66
08.09.1980 00:00:00,30.64
15.09.1980 00:00:00,30.79
22.09.1980 00:00:00,30.78
29.09.1980 00:00:00,30.76
06.10.1980 00:00:00,30.77
13.10.1980 00:00:00,30.79
20.10.1980 00:00:00,30.82
27.10.1980 00:00:00,30.845
03.11.1980 00:00:00,30.87
10.11.1980 00:00:00,30.83
17.11.1980 00:00:00,30.86
24.11.1980 00:00:00,30.9
01.12.1980 00:00:00,30.89
08.12.1980 00:00:00,30.87
15.12.1980 00:00:00,31.02
22.12.1980 00:00:00,30.99
29.12.1980 00:00:00,31.03
05.01.1981 00:00:00,31.06
12.01.1981 00:00:00,31.11
19.01.1981 00:00:00,31.05
26.01.1981 00:00:00,31.1
02.02.1981 00:00:00,31.15
09.02.1981 00:00:00,31.16
16.02.1981 00:00:00,31.12
23.02.1981 00:00:00,31.09
02.03.1981 00:00:00,31.05
09.03.1981 00:00:00,31.19
16.03.1981 00:00:00,31.36
23.03.1981 00:00:00,31.32
30.03.1981 00:00:00,31.31
06.04.1981 00:00:00,31.18
13.04.1981 00:00:00,31.11
20.04.1981 00:00:00,31.05
27.04.1981 00:00:00,31.05
04.05.1981 00:00:00,31.05
11.05.1981 00:00:00,30.93
18.05.1981 00:00:00,30.86
25.05.1981 00:00:00,30.81
01.06.1981 00:00:00,30.95
08.06.1981 00:00:00,30.93
15.06.1981 00:00:00,30.89
22.06.1981 00:00:00,30.79
29.06.1981 00:00:00,30.74
06.07.1981 00:00:00,30.7
13.07.1981 00:00:00,30.64
20.07.1981 00:00:00,30.6
27.07.1981 00:00:00,30.585
03.08.1981 00:00:00,30.57
10.08.1981 00:00:00,30.53
17.08.1981 00:00:00,30.49
24.08.1981 00:00:00,30.61
31.08.1981 00:00:00,30.54
07.09.1981 00:00:00,30.47
14.09.1981 00:00:00,30.48
21.09.1981 00:00:00,30.53
28.09.1981 00:00:00,30.7
05.10.1981 00:00:00,30.7
12.10.1981 00:00:00,30.69
19.10.1981 00:00:00,30.77
26.10.1981 00:00:00,30.805
02.11.1981 00:00:00,30.84
09.11.1981 00:00:00,30.82
16.11.1981 00:00:00,30.87
23.11.1981 00:00:00,30.88
30.11.1981 00:00:00,30.94
07.12.1981 00:00:00,31
14.12.1981 00:00:00,30.95
21.12.1981 00:00:00,30.91
28.12.1981 00:00:00,31.01
04.01.1982 00:00:00,31.11
11.01.1982 00:00:00,31.1
18.01.1982 00:00:00,31
25.01.1982 00:00:00,30.92
01.02.1982 00:00:00,31.02
08.02.1982 00:00:00,31.02
15.02.1982 00:00:00,31.07
22.02.1982 00:00:00,31.02
01.03.1982 00:00:00,31.03
08.03.1982 00:00:00,31.1
15.03.1982 00:00:00,31.16
22.03.1982 00:00:00,31.12
29.03.1982 00:00:00,30.97
05.04.1982 00:00:00,31.01
12.04.1982 00:00:00,30.93
19.04.1982 00:00:00,30.88
26.04.1982 00:00:00,30.855
03.05.1982 00:00:00,30.83
10.05.1982 00:00:00,30.84
17.05.1982 00:00:00,30.78
24.05.1982 00:00:00,30.72
31.05.1982 00:00:00,30.63
07.06.1982 00:00:00,30.52
14.06.1982 00:00:00,30.47
21.06.1982 00:00:00,30.44
28.06.1982 00:00:00,30.57
05.07.1982 00:00:00,30.55
12.07.1982 00:00:00,30.46
19.07.1982 00:00:00,30.44
26.07.1982 00:00:00,30.4
02.08.1982 00:00:00,30.36
09.08.1982 00:00:00,30.3
16.08.1982 00:00:00,30.27
23.08.1982 00:00:00,30.25
30.08.1982 00:00:00,30.24
06.09.1982 00:00:00,30.17
13.09.1982 00:00:00,30.15
20.09.1982 00:00:00,30.14
27.09.1982 00:00:00,30.13
04.10.1982 00:00:00,30.12
11.10.1982 00:00:00,30.1
18.10.1982 00:00:00,30.13
25.10.1982 00:00:00,30.15
01.11.1982 00:00:00,30.22
08.11.1982 00:00:00,30.23
15.11.1982 00:00:00,30.23
22.11.1982 00:00:00,30.26
29.11.1982 00:00:00,30.28
06.12.1982 00:00:00,30.3
13.12.1982 00:00:00,30.35
20.12.1982 00:00:00,30.39
27.12.1982 00:00:00,30.405
03.01.1983 00:00:00,30.42
10.01.1983 00:00:00,30.48
17.01.1983 00:00:00,30.52
24.01.1983 00:00:00,30.57
31.01.1983 00:00:00,30.62
07.02.1983 00:00:00,30.74
14.02.1983 00:00:00,30.73
21.02.1983 00:00:00,30.74
28.02.1983 00:00:00,30.77
07.03.1983 00:00:00,30.77
14.03.1983 00:00:00,30.75
21.03.1983 00:00:00,30.8
28.03.1983 00:00:00,30.83
04.04.1983 00:00:00,30.86
11.04.1983 00:00:00,30.97
18.04.1983 00:00:00,31.13
25.04.1983 00:00:00,31.16
02.05.1983 00:00:00,31.13
09.05.1983 00:00:00,31.08
16.05.1983 00:00:00,31.02
23.05.1983 00:00:00,31.09
30.05.1983 00:00:00,30.98
06.06.1983 00:00:00,30.93
13.06.1983 00:00:00,30.84
20.06.1983 00:00:00,30.78
27.06.1983 00:00:00,30.74
04.07.1983 00:00:00,30.7
11.07.1983 00:00:00,30.66
18.07.1983 00:00:00,30.57
25.07.1983 00:00:00,30.46
01.08.1983 00:00:00,30.41
08.08.1983 00:00:00,30.5
15.08.1983 00:00:00,30.46
22.08.1983 00:00:00,30.38
29.08.1983 00:00:00,30.31
05.09.1983 00:00:00,30.27
12.09.1983 00:00:00,30.24
19.09.1983 00:00:00,30.21
26.09.1983 00:00:00,30.195
03.10.1983 00:00:00,30.18
10.10.1983 00:00:00,30.19
17.10.1983 00:00:00,30.21
24.10.1983 00:00:00,30.22
31.10.1983 00:00:00,30.22
07.11.1983 00:00:00,30.2
14.11.1983 00:00:00,30.22
21.11.1983 00:00:00,30.23
28.11.1983 00:00:00,30.36
05.12.1983 00:00:00,30.38
12.12.1983 00:00:00,30.45
19.12.1983 00:00:00,30.45
26.12.1983 00:00:00,30.56
02.01.1984 00:00:00,30.67
09.01.1984 00:00:00,30.72
16.01.1984 00:00:00,30.85
23.01.1984 00:00:00,30.91
30.01.1984 00:00:00,30.92
06.02.1984 00:00:00,30.98
13.02.1984 00:00:00,31.02
20.02.1984 00:00:00,30.97
27.02.1984 00:00:00,30.97
05.03.1984 00:00:00,30.96
12.03.1984 00:00:00,30.95
19.03.1984 00:00:00,30.91
26.03.1984 00:00:00,30.905
02.04.1984 00:00:00,30.9
09.04.1984 00:00:00,30.98
16.04.1984 00:00:00,30.9
23.04.1984 00:00:00,30.84
30.04.1984 00:00:00,30.8
07.05.1984 00:00:00,30.76
14.05.1984 00:00:00,30.71
21.05.1984 00:00:00,30.67
28.05.1984 00:00:00,30.775
04.06.1984 00:00:00,30.88
11.06.1984 00:00:00,30.9
18.06.1984 00:00:00,30.89
25.06.1984 00:00:00,30.8
02.07.1984 00:00:00,30.86
09.07.1984 00:00:00,30.83
16.07.1984 00:00:00,30.84
23.07.1984 00:00:00,30.85
30.07.1984 00:00:00,30.74
06.08.1984 00:00:00,30.7
13.08.1984 00:00:00,30.72
20.08.1984 00:00:00,30.63
27.08.1984 00:00:00,30.605
03.09.1984 00:00:00,30.58
10.09.1984 00:00:00,30.61
17.09.1984 00:00:00,30.63
24.09.1984 00:00:00,30.61
01.10.1984 00:00:00,30.71
08.10.1984 00:00:00,30.75
15.10.1984 00:00:00,30.75
22.10.1984 00:00:00,30.73
29.10.1984 00:00:00,30.75
05.11.1984 00:00:00,30.72
12.11.1984 00:00:00,30.68
19.11.1984 00:00:00,30.67
26.11.1984 00:00:00,30.71
03.12.1984 00:00:00,30.75
10.12.1984 00:00:00,30.82
17.12.1984 00:00:00,30.81
24.12.1984 00:00:00,30.82
31.12.1984 00:00:00,30.89
07.01.1985 00:00:00,30.73
14.01.1985 00:00:00,30.83
21.01.1985 00:00:00,30.84
28.01.1985 00:00:00,30.97
04.02.1985 00:00:00,31.1
11.02.1985 00:00:00,30.97
18.02.1985 00:00:00,30.87
25.02.1985 00:00:00,30.8
04.03.1985 00:00:00,30.83
11.03.1985 00:00:00,30.84
18.03.1985 00:00:00,30.89
25.03.1985 00:00:00,30.96
01.04.1985 00:00:00,31.01
08.04.1985 00:00:00,31.11
15.04.1985 00:00:00,31.16
22.04.1985 00:00:00,31.04
29.04.1985 00:00:00,31.07
06.05.1985 00:00:00,31.01
13.05.1985 00:00:00,30.94
20.05.1985 00:00:00,30.83
27.05.1985 00:00:00,30.815
03.06.1985 00:00:00,30.8
10.06.1985 00:00:00,30.72
17.06.1985 00:00:00,30.67
24.06.1985 00:00:00,30.66
01.07.1985 00:00:00,30.68
08.07.1985 00:00:00,30.6
15.07.1985 00:00:00,30.56
22.07.1985 00:00:00,30.5
29.07.1985 00:00:00,30.44
05.08.1985 00:00:00,30.41
12.08.1985 00:00:00,30.36
19.08.1985 00:00:00,30.37
26.08.1985 00:00:00,30.345
02.09.1985 00:00:00,30.32
09.09.1985 00:00:00,30.31
16.09.1985 00:00:00,30.3
23.09.1985 00:00:00,30.31
30.09.1985 00:00:00,30.28
07.10.1985 00:00:00,30.29
14.10.1985 00:00:00,30.27
21.10.1985 00:00:00,30.26
28.10.1985 00:00:00,30.255
04.11.1985 00:00:00,30.25
11.11.1985 00:00:00,30.28
18.11.1985 00:00:00,30.31
25.11.1985 00:00:00,30.33
02.12.1985 00:00:00,30.37
09.12.1985 00:00:00,30.48
16.12.1985 00:00:00,30.5
23.12.1985 00:00:00,30.61
30.12.1985 00:00:00,30.61
06.01.1986 00:00:00,30.65
13.01.1986 00:00:00,30.77
20.01.1986 00:00:00,30.92
27.01.1986 00:00:00,30.905
03.02.1986 00:00:00,30.89
10.02.1986 00:00:00,30.78
17.02.1986 00:00:00,30.73
24.02.1986 00:00:00,30.71
03.03.1986 00:00:00,30.68
10.03.1986 00:00:00,30.82
17.03.1986 00:00:00,30.92
24.03.1986 00:00:00,30.93
31.03.1986 00:00:00,31.02
07.04.1986 00:00:00,31.01
14.04.1986 00:00:00,31.03
21.04.1986 00:00:00,30.99
28.04.1986 00:00:00,30.96
05.05.1986 00:00:00,30.97
12.05.1986 00:00:00,30.99
19.05.1986 00:00:00,30.93
26.05.1986 00:00:00,30.965
02.06.1986 00:00:00,31
09.06.1986 00:00:00,31.07
16.06.1986 00:00:00,30.92
23.06.1986 00:00:00,30.8
30.06.1986 00:00:00,30.67
07.07.1986 00:00:00,30.59
14.07.1986 00:00:00,30.51
21.07.1986 00:00:00,30.43
28.07.1986 00:00:00,30.41
04.08.1986 00:00:00,30.39
11.08.1986 00:00:00,30.31
18.08.1986 00:00:00,30.25
25.08.1986 00:00:00,30.23
01.09.1986 00:00:00,30.19
08.09.1986 00:00:00,30.19
15.09.1986 00:00:00,30.18
22.09.1986 00:00:00,30.17
29.09.1986 00:00:00,30.13
06.10.1986 00:00:00,30.12
13.10.1986 00:00:00,30.1
20.10.1986 00:00:00,30.12
27.10.1986 00:00:00,30.125
03.11.1986 00:00:00,30.13
10.11.1986 00:00:00,30.15
17.11.1986 00:00:00,30.15
24.11.1986 00:00:00,30.15
01.12.1986 00:00:00,30.14
08.12.1986 00:00:00,30.14
15.12.1986 00:00:00,30.11
22.12.1986 00:00:00,30.25
29.12.1986 00:00:00,30.48
05.01.1987 00:00:00,30.63
12.01.1987 00:00:00,30.59
19.01.1987 00:00:00,30.6
26.01.1987 00:00:00,30.625
02.02.1987 00:00:00,30.65
09.02.1987 00:00:00,30.69
16.02.1987 00:00:00,30.84
23.02.1987 00:00:00,30.85
02.03.1987 00:00:00,30.8
09.03.1987 00:00:00,30.79
16.03.1987 00:00:00,30.72
23.03.1987 00:00:00,30.79
30.03.1987 00:00:00,30.84
06.04.1987 00:00:00,30.94
13.04.1987 00:00:00,30.89
20.04.1987 00:00:00,30.88
27.04.1987 00:00:00,30.815
04.05.1987 00:00:00,30.75
11.05.1987 00:00:00,30.78
18.05.1987 00:00:00,30.67
25.05.1987 00:00:00,30.62
01.06.1987 00:00:00,30.54
08.06.1987 00:00:00,30.52
15.06.1987 00:00:00,30.48
22.06.1987 00:00:00,30.52
29.06.1987 00:00:00,30.47
06.07.1987 00:00:00,30.41
13.07.1987 00:00:00,30.34
20.07.1987 00:00:00,30.38
27.07.1987 00:00:00,30.37
03.08.1987 00:00:00,30.36
10.08.1987 00:00:00,30.36
17.08.1987 00:00:00,30.37
24.08.1987 00:00:00,30.38
31.08.1987 00:00:00,30.31
07.09.1987 00:00:00,30.29
14.09.1987 00:00:00,30.4
21.09.1987 00:00:00,30.38
28.09.1987 00:00:00,30.4
05.10.1987 00:00:00,30.38
12.10.1987 00:00:00,30.35
19.10.1987 00:00:00,30.32
26.10.1987 00:00:00,30.325
02.11.1987 00:00:00,30.33
09.11.1987 00:00:00,30.33
16.11.1987 00:00:00,30.35
23.11.1987 00:00:00,30.52
30.11.1987 00:00:00,30.55
07.12.1987 00:00:00,30.53
14.12.1987 00:00:00,30.49
21.12.1987 00:00:00,30.61
28.12.1987 00:00:00,30.63
04.01.1988 00:00:00,30.65
11.01.1988 00:00:00,30.72
18.01.1988 00:00:00,30.71
25.01.1988 00:00:00,30.71
01.02.1988 00:00:00,30.82
08.02.1988 00:00:00,30.85
15.02.1988 00:00:00,30.82
22.02.1988 00:00:00,30.88
29.02.1988 00:00:00,30.99
07.03.1988 00:00:00,30.99
14.03.1988 00:00:00,31.06
21.03.1988 00:00:00,31.02
28.03.1988 00:00:00,30.99
04.04.1988 00:00:00,30.96
11.04.1988 00:00:00,30.91
18.04.1988 00:00:00,30.83
25.04.1988 00:00:00,30.81
02.05.1988 00:00:00,30.7
09.05.1988 00:00:00,30.66
16.05.1988 00:00:00,30.56
23.05.1988 00:00:00,30.52
30.05.1988 00:00:00,30.4
06.06.1988 00:00:00,30.44
13.06.1988 00:00:00,30.4
20.06.1988 00:00:00,30.39
27.06.1988 00:00:00,30.36
04.07.1988 00:00:00,30.33
11.07.1988 00:00:00,30.3
18.07.1988 00:00:00,30.29
25.07.1988 00:00:00,30.28
01.08.1988 00:00:00,30.27
08.08.1988 00:00:00,30.24
15.08.1988 00:00:00,30.21
22.08.1988 00:00:00,30.19
29.08.1988 00:00:00,30.15
05.09.1988 00:00:00,30.12
12.09.1988 00:00:00,30.1
19.09.1988 00:00:00,30.09
26.09.1988 00:00:00,30.08
03.10.1988 00:00:00,30.07
10.10.1988 00:00:00,30.07
17.10.1988 00:00:00,30.06
24.10.1988 00:00:00,30.06
31.10.1988 00:00:00,30.04
07.11.1988 00:00:00,30.04
14.11.1988 00:00:00,30.04
21.11.1988 00:00:00,30.07
28.11.1988 00:00:00,30.1
05.12.1988 00:00:00,30.15
12.12.1988 00:00:00,30.21
19.12.1988 00:00:00,30.25
26.12.1988 00:00:00,30.265
02.01.1989 00:00:00,30.28
09.01.1989 00:00:00,30.31
16.01.1989 00:00:00,30.31
23.01.1989 00:00:00,30.31
30.01.1989 00:00:00,30.29
06.02.1989 00:00:00,30.27
13.02.1989 00:00:00,30.28
20.02.1989 00:00:00,30.35
27.02.1989 00:00:00,30.37
06.03.1989 00:00:00,30.39
13.03.1989 00:00:00,30.37
20.03.1989 00:00:00,30.39
27.03.1989 00:00:00,30.385
03.04.1989 00:00:00,30.38
10.04.1989 00:00:00,30.36
17.04.1989 00:00:00,30.39
24.04.1989 00:00:00,30.41
01.05.1989 00:00:00,30.39
08.05.1989 00:00:00,30.35
15.05.1989 00:00:00,30.32
22.05.1989 00:00:00,30.27
29.05.1989 00:00:00,30.22
05.06.1989 00:00:00,30.18
12.06.1989 00:00:00,30.15
19.06.1989 00:00:00,30.11
26.06.1989 00:00:00,30.07
03.07.1989 00:00:00,30.03
10.07.1989 00:00:00,29.98
17.07.1989 00:00:00,29.96
24.07.1989 00:00:00,29.94
31.07.1989 00:00:00,29.91
07.08.1989 00:00:00,29.91
14.08.1989 00:00:00,29.9
21.08.1989 00:00:00,29.87
28.08.1989 00:00:00,29.865
04.09.1989 00:00:00,29.86
11.09.1989 00:00:00,29.81
18.09.1989 00:00:00,29.83
25.09.1989 00:00:00,29.82
02.10.1989 00:00:00,29.82
09.10.1989 00:00:00,29.81
16.10.1989 00:00:00,29.79
23.10.1989 00:00:00,29.8
30.10.1989 00:00:00,29.85
06.11.1989 00:00:00,29.89
13.11.1989 00:00:00,29.92
20.11.1989 00:00:00,29.94
27.11.1989 00:00:00,29.95
04.12.1989 00:00:00,29.96
11.12.1989 00:00:00,29.99
18.12.1989 00:00:00,30.03
25.12.1989 00:00:00,30.14
01.01.1990 00:00:00,30.21
08.01.1990 00:00:00,30.22
15.01.1990 00:00:00,30.23
22.01.1990 00:00:00,30.25
29.01.1990 00:00:00,30.32
05.02.1990 00:00:00,30.31
12.02.1990 00:00:00,30.34
19.02.1990 00:00:00,30.37
26.02.1990 00:00:00,30.4
05.03.1990 00:00:00,30.46
12.03.1990 00:00:00,30.48
19.03.1990 00:00:00,30.46
26.03.1990 00:00:00,30.435
02.04.1990 00:00:00,30.41
09.04.1990 00:00:00,30.36
16.04.1990 00:00:00,30.34
23.04.1990 00:00:00,30.34
30.04.1990 00:00:00,30.32
07.05.1990 00:00:00,30.27
14.05.1990 00:00:00,30.25
21.05.1990 00:00:00,30.23
28.05.1990 00:00:00,30.2
04.06.1990 00:00:00,30.17
11.06.1990 00:00:00,30.15
18.06.1990 00:00:00,30.14
25.06.1990 00:00:00,30.13
02.07.1990 00:00:00,30.1
09.07.1990 00:00:00,30.07
16.07.1990 00:00:00,30.04
23.07.1990 00:00:00,30
30.07.1990 00:00:00,29.95
06.08.1990 00:00:00,29.91
13.08.1990 00:00:00,29.97
20.08.1990 00:00:00,30.05
27.08.1990 00:00:00,30.045
03.09.1990 00:00:00,30.04
10.09.1990 00:00:00,30.08
17.09.1990 00:00:00,30.17
24.09.1990 00:00:00,30.2
01.10.1990 00:00:00,30.17
08.10.1990 00:00:00,30.17
15.10.1990 00:00:00,30.16
22.10.1990 00:00:00,30.14
29.10.1990 00:00:00,30.15
05.11.1990 00:00:00,30.16
12.11.1990 00:00:00,30.17
19.11.1990 00:00:00,30.27
26.11.1990 00:00:00,30.305
03.12.1990 00:00:00,30.34
10.12.1990 00:00:00,30.36
17.12.1990 00:00:00,30.45
24.12.1990 00:00:00,30.49
31.12.1990 00:00:00,30.57
07.01.1991 00:00:00,30.61
14.01.1991 00:00:00,30.57
21.01.1991 00:00:00,30.54
28.01.1991 00:00:00,30.535
04.02.1991 00:00:00,30.53
11.02.1991 00:00:00,30.48
18.02.1991 00:00:00,30.45
25.02.1991 00:00:00,30.45
04.03.1991 00:00:00,30.54
11.03.1991 00:00:00,30.56
18.03.1991 00:00:00,30.52
25.03.1991 00:00:00,30.51
01.04.1991 00:00:00,30.5
08.04.1991 00:00:00,30.46
15.04.1991 00:00:00,30.43
22.04.1991 00:00:00,30.4
29.04.1991 00:00:00,30.35
06.05.1991 00:00:00,30.34
13.05.1991 00:00:00,30.32
20.05.1991 00:00:00,30.3
27.05.1991 00:00:00,30.285
03.06.1991 00:00:00,30.27
10.06.1991 00:00:00,30.23
17.06.1991 00:00:00,30.2
24.06.1991 00:00:00,30.19
01.07.1991 00:00:00,30.2
08.07.1991 00:00:00,30.14
15.07.1991 00:00:00,30.1
22.07.1991 00:00:00,30.07
29.07.1991 00:00:00,30.02
05.08.1991 00:00:00,29.99
12.08.1991 00:00:00,29.96
19.08.1991 00:00:00,29.93
26.08.1991 00:00:00,29.915
02.09.1991 00:00:00,29.9
09.09.1991 00:00:00,29.87
16.09.1991 00:00:00,29.84
23.09.1991 00:00:00,29.81
30.09.1991 00:00:00,29.8
07.10.1991 00:00:00,29.79
14.10.1991 00:00:00,29.79
21.10.1991 00:00:00,29.78
28.10.1991 00:00:00,29.775
04.11.1991 00:00:00,29.77
11.11.1991 00:00:00,29.79
18.11.1991 00:00:00,29.81
25.11.1991 00:00:00,29.84
02.12.1991 00:00:00,29.85
09.12.1991 00:00:00,29.85
16.12.1991 00:00:00,29.84
23.12.1991 00:00:00,29.9
30.12.1991 00:00:00,30.02
06.01.1992 00:00:00,30.05
13.01.1992 00:00:00,30.08
20.01.1992 00:00:00,30.13
27.01.1992 00:00:00,30.13
03.02.1992 00:00:00,30.13
10.02.1992 00:00:00,30.17
17.02.1992 00:00:00,30.22
24.02.1992 00:00:00,30.26
02.03.1992 00:00:00,30.3
09.03.1992 00:00:00,30.31
16.03.1992 00:00:00,30.34
23.03.1992 00:00:00,30.35
30.03.1992 00:00:00,30.35
06.04.1992 00:00:00,30.37
13.04.1992 00:00:00,30.41
20.04.1992 00:00:00,30.47
27.04.1992 00:00:00,30.445
04.05.1992 00:00:00,30.42
11.05.1992 00:00:00,30.41
18.05.1992 00:00:00,30.38
25.05.1992 00:00:00,30.33
01.06.1992 00:00:00,30.24
08.06.1992 00:00:00,30.18
15.06.1992 00:00:00,30.14
22.06.1992 00:00:00,30.1
29.06.1992 00:00:00,30.08
06.07.1992 00:00:00,29.99
13.07.1992 00:00:00,29.97
20.07.1992 00:00:00,29.94
27.07.1992 00:00:00,29.94
03.08.1992 00:00:00,29.94
10.08.1992 00:00:00,29.9
17.08.1992 00:00:00,29.88
24.08.1992 00:00:00,29.85
31.08.1992 00:00:00,29.85
07.09.1992 00:00:00,29.85
14.09.1992 00:00:00,29.84
21.09.1992 00:00:00,29.83
28.09.1992 00:00:00,29.81
05.10.1992 00:00:00,29.8
12.10.1992 00:00:00,29.8
19.10.1992 00:00:00,29.81
26.10.1992 00:00:00,29.835
02.11.1992 00:00:00,29.86
09.11.1992 00:00:00,29.92
16.11.1992 00:00:00,29.97
23.11.1992 00:00:00,30.02
30.11.1992 00:00:00,30.11
07.12.1992 00:00:00,30.19
14.12.1992 00:00:00,30.26
21.12.1992 00:00:00,30.31
28.12.1992 00:00:00,30.325
04.01.1993 00:00:00,30.34
11.01.1993 00:00:00,30.37
18.01.1993 00:00:00,30.39
25.01.1993 00:00:00,30.43
01.02.1993 00:00:00,30.44
08.02.1993 00:00:00,30.45
15.02.1993 00:00:00,30.46
22.02.1993 00:00:00,30.47
01.03.1993 00:00:00,30.49
08.03.1993 00:00:00,30.5
15.03.1993 00:00:00,30.5
22.03.1993 00:00:00,30.51
29.03.1993 00:00:00,30.43
05.04.1993 00:00:00,30.39
12.04.1993 00:00:00,30.4
19.04.1993 00:00:00,30.4
26.04.1993 00:00:00,30.365
03.05.1993 00:00:00,30.33
10.05.1993 00:00:00,30.29
17.05.1993 00:00:00,30.24
24.05.1993 00:00:00,30.21
31.05.1993 00:00:00,30.23
07.06.1993 00:00:00,30.22
14.06.1993 00:00:00,30.31
21.06.1993 00:00:00,30.37
28.06.1993 00:00:00,30.27
05.07.1993 00:00:00,30.25
12.07.1993 00:00:00,30.24
19.07.1993 00:00:00,30.24
26.07.1993 00:00:00,30.26
02.08.1993 00:00:00,30.28
09.08.1993 00:00:00,30.39
16.08.1993 00:00:00,30.37
23.08.1993 00:00:00,30.34
30.08.1993 00:00:00,30.28
06.09.1993 00:00:00,30.31
13.09.1993 00:00:00,30.35
20.09.1993 00:00:00,30.38
27.09.1993 00:00:00,30.37
04.10.1993 00:00:00,30.36
11.10.1993 00:00:00,30.33
18.10.1993 00:00:00,30.33
25.10.1993 00:00:00,30.3
01.11.1993 00:00:00,30.37
08.11.1993 00:00:00,30.25
15.11.1993 00:00:00,30.28
22.11.1993 00:00:00,30.32
29.11.1993 00:00:00,30.33
06.12.1993 00:00:00,30.41
13.12.1993 00:00:00,30.53
20.12.1993 00:00:00,30.55
27.12.1993 00:00:00,30.61
03.01.1994 00:00:00,30.67
10.01.1994 00:00:00,30.76
17.01.1994 00:00:00,30.83
24.01.1994 00:00:00,30.77
31.01.1994 00:00:00,30.83
07.02.1994 00:00:00,30.88
14.02.1994 00:00:00,30.93
21.02.1994 00:00:00,30.89
28.02.1994 00:00:00,30.85
07.03.1994 00:00:00,30.94
14.03.1994 00:00:00,30.94
21.03.1994 00:00:00,31.14
28.03.1994 00:00:00,31.135
04.04.1994 00:00:00,31.13
11.04.1994 00:00:00,31.08
18.04.1994 00:00:00,31.19
25.04.1994 00:00:00,31.07
02.05.1994 00:00:00,30.93
09.05.1994 00:00:00,30.83
16.05.1994 00:00:00,30.75
23.05.1994 00:00:00,30.69
30.05.1994 00:00:00,30.62
06.06.1994 00:00:00,30.59
13.06.1994 00:00:00,30.56
20.06.1994 00:00:00,30.52
27.06.1994 00:00:00,30.47
04.07.1994 00:00:00,30.42
11.07.1994 00:00:00,30.37
18.07.1994 00:00:00,30.33
25.07.1994 00:00:00,30.28
01.08.1994 00:00:00,30.19
08.08.1994 00:00:00,30.13
15.08.1994 00:00:00,30.19
22.08.1994 00:00:00,30.29
29.08.1994 00:00:00,30.28
05.09.1994 00:00:00,30.27
12.09.1994 00:00:00,30.3
19.09.1994 00:00:00,30.26
26.09.1994 00:00:00,30.245
03.10.1994 00:00:00,30.23
10.10.1994 00:00:00,30.21
17.10.1994 00:00:00,30.19
24.10.1994 00:00:00,30.17
31.10.1994 00:00:00,30.19
07.11.1994 00:00:00,30.23
14.11.1994 00:00:00,30.24
21.11.1994 00:00:00,30.26
28.11.1994 00:00:00,30.33
05.12.1994 00:00:00,30.34
12.12.1994 00:00:00,30.38
19.12.1994 00:00:00,30.39
26.12.1994 00:00:00,30.415
02.01.1995 00:00:00,30.44
09.01.1995 00:00:00,30.42
16.01.1995 00:00:00,30.45
23.01.1995 00:00:00,30.46
30.01.1995 00:00:00,30.65
06.02.1995 00:00:00,30.69
13.02.1995 00:00:00,30.75
20.02.1995 00:00:00,30.78
27.02.1995 00:00:00,30.77
06.03.1995 00:00:00,30.74
13.03.1995 00:00:00,30.7
20.03.1995 00:00:00,30.67
27.03.1995 00:00:00,30.71
03.04.1995 00:00:00,30.75
10.04.1995 00:00:00,30.71
17.04.1995 00:00:00,30.69
24.04.1995 00:00:00,30.74
01.05.1995 00:00:00,30.65
08.05.1995 00:00:00,30.57
15.05.1995 00:00:00,30.52
22.05.1995 00:00:00,30.47
29.05.1995 00:00:00,30.4
05.06.1995 00:00:00,30.39
12.06.1995 00:00:00,30.37
19.06.1995 00:00:00,30.34
26.06.1995 00:00:00,30.315
03.07.1995 00:00:00,30.29
10.07.1995 00:00:00,30.24
17.07.1995 00:00:00,30.2
24.07.1995 00:00:00,30.17
31.07.1995 00:00:00,30.12
07.08.1995 00:00:00,30.08
14.08.1995 00:00:00,30.04
21.08.1995 00:00:00,30
28.08.1995 00:00:00,30
04.09.1995 00:00:00,30
11.09.1995 00:00:00,29.97
18.09.1995 00:00:00,29.97
25.09.1995 00:00:00,29.99
02.10.1995 00:00:00,29.97
09.10.1995 00:00:00,29.98
16.10.1995 00:00:00,29.99
23.10.1995 00:00:00,30
30.10.1995 00:00:00,29.97
06.11.1995 00:00:00,29.97
13.11.1995 00:00:00,29.98
20.11.1995 00:00:00,30
27.11.1995 00:00:00,30.005
04.12.1995 00:00:00,30.01
11.12.1995 00:00:00,30.01
18.12.1995 00:00:00,30.02
25.12.1995 00:00:00,30.01
01.01.1996 00:00:00,30.05
08.01.1996 00:00:00,30.03
15.01.1996 00:00:00,30.03
22.01.1996 00:00:00,30.02
29.01.1996 00:00:00,29.97
05.02.1996 00:00:00,29.94
12.02.1996 00:00:00,29.92
19.02.1996 00:00:00,30.02
26.02.1996 00:00:00,30.045
04.03.1996 00:00:00,30.07
11.03.1996 00:00:00,30.11
18.03.1996 00:00:00,30.13
25.03.1996 00:00:00,30.14
01.04.1996 00:00:00,30.16
08.04.1996 00:00:00,30.17
15.04.1996 00:00:00,30.15
22.04.1996 00:00:00,30.13
29.04.1996 00:00:00,30.16
06.05.1996 00:00:00,30.14
13.05.1996 00:00:00,30.14
20.05.1996 00:00:00,30.17
27.05.1996 00:00:00,30.2
03.06.1996 00:00:00,30.23
10.06.1996 00:00:00,30.23
17.06.1996 00:00:00,30.16
24.06.1996 00:00:00,30.12
01.07.1996 00:00:00,30.07
08.07.1996 00:00:00,30.12
15.07.1996 00:00:00,30.07
22.07.1996 00:00:00,30.04
29.07.1996 00:00:00,30
05.08.1996 00:00:00,29.96
12.08.1996 00:00:00,29.93
19.08.1996 00:00:00,29.89
26.08.1996 00:00:00,29.885
02.09.1996 00:00:00,29.88
09.09.1996 00:00:00,29.86
16.09.1996 00:00:00,29.86
23.09.1996 00:00:00,29.85
30.09.1996 00:00:00,29.83
07.10.1996 00:00:00,29.86
14.10.1996 00:00:00,29.87
21.10.1996 00:00:00,29.87
28.10.1996 00:00:00,29.895
04.11.1996 00:00:00,29.92
11.11.1996 00:00:00,29.96
18.11.1996 00:00:00,29.99
25.11.1996 00:00:00,30.03
02.12.1996 00:00:00,30.12
09.12.1996 00:00:00,30.19
16.12.1996 00:00:00,30.2
23.12.1996 00:00:00,30.2
30.12.1996 00:00:00,30.13
06.01.1997 00:00:00,30.11
13.01.1997 00:00:00,30.09
20.01.1997 00:00:00,30.07
27.01.1997 00:00:00,30.085
03.02.1997 00:00:00,30.1
10.02.1997 00:00:00,30.12
17.02.1997 00:00:00,30.18
24.02.1997 00:00:00,30.24
03.03.1997 00:00:00,30.31
10.03.1997 00:00:00,30.31
17.03.1997 00:00:00,30.3
24.03.1997 00:00:00,30.33
31.03.1997 00:00:00,30.33
07.04.1997 00:00:00,30.33
14.04.1997 00:00:00,30.3
21.04.1997 00:00:00,30.29
28.04.1997 00:00:00,30.24
05.05.1997 00:00:00,30.28
12.05.1997 00:00:00,30.25
19.05.1997 00:00:00,30.24
26.05.1997 00:00:00,30.24
02.06.1997 00:00:00,30.24
09.06.1997 00:00:00,30.19
16.06.1997 00:00:00,30.15
23.06.1997 00:00:00,30.12
30.06.1997 00:00:00,30.1
07.07.1997 00:00:00,30.07
14.07.1997 00:00:00,30.03
21.07.1997 00:00:00,30.06
28.07.1997 00:00:00,30.07
04.08.1997 00:00:00,30.08
11.08.1997 00:00:00,30.05
18.08.1997 00:00:00,30.02
25.08.1997 00:00:00,29.99
01.09.1997 00:00:00,29.98
08.09.1997 00:00:00,29.97
15.09.1997 00:00:00,29.96
22.09.1997 00:00:00,29.94
29.09.1997 00:00:00,29.91
06.10.1997 00:00:00,29.88
13.10.1997 00:00:00,29.88
20.10.1997 00:00:00,29.86
27.10.1997 00:00:00,29.855
03.11.1997 00:00:00,29.85
10.11.1997 00:00:00,29.84
17.11.1997 00:00:00,29.87
24.11.1997 00:00:00,29.9
01.12.1997 00:00:00,29.92
08.12.1997 00:00:00,29.9
15.12.1997 00:00:00,30
22.12.1997 00:00:00,30.04
29.12.1997 00:00:00,30.09
05.01.1998 00:00:00,30.2
12.01.1998 00:00:00,30.29
19.01.1998 00:00:00,30.32
26.01.1998 00:00:00,30.32
02.02.1998 00:00:00,30.32
09.02.1998 00:00:00,30.31
16.02.1998 00:00:00,30.32
23.02.1998 00:00:00,30.32
02.03.1998 00:00:00,30.31
09.03.1998 00:00:00,30.44
16.03.1998 00:00:00,30.45
23.03.1998 00:00:00,30.43
30.03.1998 00:00:00,30.42
06.04.1998 00:00:00,30.46
13.04.1998 00:00:00,30.5
20.04.1998 00:00:00,30.46
27.04.1998 00:00:00,30.47
04.05.1998 00:00:00,30.48
11.05.1998 00:00:00,30.41
18.05.1998 00:00:00,30.36
25.05.1998 00:00:00,30.31
01.06.1998 00:00:00,30.25
08.06.1998 00:00:00,30.22
15.06.1998 00:00:00,30.19
22.06.1998 00:00:00,30.17
29.06.1998 00:00:00,30.21
06.07.1998 00:00:00,30.18
13.07.1998 00:00:00,30.19
20.07.1998 00:00:00,30.16
27.07.1998 00:00:00,30.135
03.08.1998 00:00:00,30.11
10.08.1998 00:00:00,30.09
17.08.1998 00:00:00,30.06
24.08.1998 00:00:00,30.02
31.08.1998 00:00:00,30.03
07.09.1998 00:00:00,30.04
14.09.1998 00:00:00,30.07
21.09.1998 00:00:00,30.11
28.09.1998 00:00:00,30.09
05.10.1998 00:00:00,30.08
12.10.1998 00:00:00,30.13
19.10.1998 00:00:00,30.15
26.10.1998 00:00:00,30.335
02.11.1998 00:00:00,30.52
09.11.1998 00:00:00,30.57
16.11.1998 00:00:00,30.63
23.11.1998 00:00:00,30.6
30.11.1998 00:00:00,30.58
07.12.1998 00:00:00,30.53
14.12.1998 00:00:00,30.68
21.12.1998 00:00:00,30.67
28.12.1998 00:00:00,30.665
04.01.1999 00:00:00,30.66
11.01.1999 00:00:00,30.68
18.01.1999 00:00:00,30.69
25.01.1999 00:00:00,30.68
01.02.1999 00:00:00,30.68
08.02.1999 00:00:00,30.78
15.02.1999 00:00:00,30.69
22.02.1999 00:00:00,30.87
01.03.1999 00:00:00,30.9
08.03.1999 00:00:00,30.93
15.03.1999 00:00:00,30.86
22.03.1999 00:00:00,30.85
29.03.1999 00:00:00,30.77
05.04.1999 00:00:00,30.72
12.04.1999 00:00:00,30.69
19.04.1999 00:00:00,30.66
26.04.1999 00:00:00,30.62
03.05.1999 00:00:00,30.58
10.05.1999 00:00:00,30.5
17.05.1999 00:00:00,30.51
24.05.1999 00:00:00,30.47
31.05.1999 00:00:00,30.4
07.06.1999 00:00:00,30.42
14.06.1999 00:00:00,30.37
21.06.1999 00:00:00,30.32
28.06.1999 00:00:00,30.27
05.07.1999 00:00:00,30.25
12.07.1999 00:00:00,30.2
19.07.1999 00:00:00,30.14
26.07.1999 00:00:00,30.1
02.08.1999 00:00:00,30.06
09.08.1999 00:00:00,30.02
16.08.1999 00:00:00,29.99
23.08.1999 00:00:00,29.97
30.08.1999 00:00:00,29.93
06.09.1999 00:00:00,29.9
13.09.1999 00:00:00,29.87
20.09.1999 00:00:00,29.86
27.09.1999 00:00:00,29.865
04.10.1999 00:00:00,29.87
11.10.1999 00:00:00,29.92
18.10.1999 00:00:00,29.93
25.10.1999 00:00:00,29.93
01.11.1999 00:00:00,29.92
08.11.1999 00:00:00,29.94
15.11.1999 00:00:00,29.93
22.11.1999 00:00:00,29.94
29.11.1999 00:00:00,29.97
06.12.1999 00:00:00,29.95
13.12.1999 00:00:00,30.02
20.12.1999 00:00:00,30.07
27.12.1999 00:00:00,30.105
03.01.2000 00:00:00,30.14
10.01.2000 00:00:00,30.18
17.01.2000 00:00:00,30.19
24.01.2000 00:00:00,30.19
31.01.2000 00:00:00,30.28
07.02.2000 00:00:00,30.29
14.02.2000 00:00:00,30.31
21.02.2000 00:00:00,30.36
28.02.2000 00:00:00,30.38
06.03.2000 00:00:00,30.4
13.03.2000 00:00:00,30.5
20.03.2000 00:00:00,30.56
27.03.2000 00:00:00,30.54
03.04.2000 00:00:00,30.52
10.04.2000 00:00:00,30.49
17.04.2000 00:00:00,30.47
24.04.2000 00:00:00,30.5
01.05.2000 00:00:00,30.4
08.05.2000 00:00:00,30.33
15.05.2000 00:00:00,30.27
22.05.2000 00:00:00,30.21
29.05.2000 00:00:00,30.18
05.06.2000 00:00:00,30.14
12.06.2000 00:00:00,30.1
19.06.2000 00:00:00,30.07
26.06.2000 00:00:00,30.055
03.07.2000 00:00:00,30.04
10.07.2000 00:00:00,30
17.07.2000 00:00:00,29.97
24.07.2000 00:00:00,29.93
31.07.2000 00:00:00,30.06
07.08.2000 00:00:00,30.25
14.08.2000 00:00:00,30.26
21.08.2000 00:00:00,30.26
28.08.2000 00:00:00,30.25
04.09.2000 00:00:00,30.24
11.09.2000 00:00:00,30.25
18.09.2000 00:00:00,30.23
25.09.2000 00:00:00,30.2
02.10.2000 00:00:00,30.14
09.10.2000 00:00:00,30.13
16.10.2000 00:00:00,30.15
23.10.2000 00:00:00,30.14
30.10.2000 00:00:00,30.12
06.11.2000 00:00:00,30.1
13.11.2000 00:00:00,30.09
20.11.2000 00:00:00,30.1
27.11.2000 00:00:00,30.095
04.12.2000 00:00:00,30.09
11.12.2000 00:00:00,30.12
18.12.2000 00:00:00,30.2
25.12.2000 00:00:00,30.18
01.01.2001 00:00:00,30.16
08.01.2001 00:00:00,30.28
15.01.2001 00:00:00,30.29
22.01.2001 00:00:00,30.27
29.01.2001 00:00:00,30.32
05.02.2001 00:00:00,30.45
12.02.2001 00:00:00,30.46
19.02.2001 00:00:00,30.47
26.02.2001 00:00:00,30.45
05.03.2001 00:00:00,30.46
12.03.2001 00:00:00,30.45
19.03.2001 00:00:00,30.5
26.03.2001 00:00:00,30.5
02.04.2001 00:00:00,30.5
09.04.2001 00:00:00,30.52
16.04.2001 00:00:00,30.5
23.04.2001 00:00:00,30.51
30.04.2001 00:00:00,30.5
07.05.2001 00:00:00,30.45
14.05.2001 00:00:00,30.41
21.05.2001 00:00:00,30.35
28.05.2001 00:00:00,30.31
04.06.2001 00:00:00,30.27
11.06.2001 00:00:00,30.32
18.06.2001 00:00:00,30.29
25.06.2001 00:00:00,30.25
02.07.2001 00:00:00,30.19
09.07.2001 00:00:00,30.28
16.07.2001 00:00:00,30.24
23.07.2001 00:00:00,30.21
30.07.2001 00:00:00,30.2
06.08.2001 00:00:00,30.11
13.08.2001 00:00:00,30.1
20.08.2001 00:00:00,30.07
27.08.2001 00:00:00,30.05
03.09.2001 00:00:00,30.03
10.09.2001 00:00:00,29.98
17.09.2001 00:00:00,30.21
24.09.2001 00:00:00,30.25
01.10.2001 00:00:00,30.37
08.10.2001 00:00:00,30.41
15.10.2001 00:00:00,30.38
22.10.2001 00:00:00,30.36
29.10.2001 00:00:00,30.34
05.11.2001 00:00:00,30.36
12.11.2001 00:00:00,30.35
19.11.2001 00:00:00,30.34
26.11.2001 00:00:00,30.38
03.12.2001 00:00:00,30.42
10.12.2001 00:00:00,30.5
17.12.2001 00:00:00,30.51
24.12.2001 00:00:00,30.52
31.12.2001 00:00:00,30.59
07.01.2002 00:00:00,30.59
14.01.2002 00:00:00,30.57
21.01.2002 00:00:00,30.62
28.01.2002 00:00:00,30.665
04.02.2002 00:00:00,30.71
11.02.2002 00:00:00,30.67
18.02.2002 00:00:00,30.74
25.02.2002 00:00:00,30.77
04.03.2002 00:00:00,30.81
11.03.2002 00:00:00,30.85
18.03.2002 00:00:00,30.86
25.03.2002 00:00:00,30.81
01.04.2002 00:00:00,30.74
08.04.2002 00:00:00,30.67
15.04.2002 00:00:00,30.62
22.04.2002 00:00:00,30.69
29.04.2002 00:00:00,30.63
06.05.2002 00:00:00,30.8
13.05.2002 00:00:00,30.67
20.05.2002 00:00:00,30.62
27.05.2002 00:00:00,30.595
03.06.2002 00:00:00,30.57
10.06.2002 00:00:00,30.51
17.06.2002 00:00:00,30.46
24.06.2002 00:00:00,30.41
01.07.2002 00:00:00,30.36
08.07.2002 00:00:00,30.31
15.07.2002 00:00:00,30.27
22.07.2002 00:00:00,30.54
29.07.2002 00:00:00,30.63
05.08.2002 00:00:00,30.76
12.08.2002 00:00:00,30.85
19.08.2002 00:00:00,30.75
26.08.2002 00:00:00,30.685
02.09.2002 00:00:00,30.62
09.09.2002 00:00:00,30.53
16.09.2002 00:00:00,30.48
23.09.2002 00:00:00,30.42
30.09.2002 00:00:00,30.4
07.10.2002 00:00:00,30.39
14.10.2002 00:00:00,30.38
21.10.2002 00:00:00,30.38
28.10.2002 00:00:00,30.425
04.11.2002 00:00:00,30.47
11.11.2002 00:00:00,30.57
18.11.2002 00:00:00,30.67
25.11.2002 00:00:00,30.74
02.12.2002 00:00:00,30.84
09.12.2002 00:00:00,30.77
16.12.2002 00:00:00,30.68
23.12.2002 00:00:00,30.64
30.12.2002 00:00:00,30.72
06.01.2003 00:00:00,30.86
13.01.2003 00:00:00,30.88
20.01.2003 00:00:00,30.87
27.01.2003 00:00:00,30.85
03.02.2003 00:00:00,30.83
10.02.2003 00:00:00,30.84
17.02.2003 00:00:00,30.75
24.02.2003 00:00:00,30.68
03.03.2003 00:00:00,30.65
10.03.2003 00:00:00,30.65
17.03.2003 00:00:00,30.7
24.03.2003 00:00:00,30.64
31.03.2003 00:00:00,30.61
07.04.2003 00:00:00,30.59
14.04.2003 00:00:00,30.57
21.04.2003 00:00:00,30.53
28.04.2003 00:00:00,30.47
05.05.2003 00:00:00,30.43
12.05.2003 00:00:00,30.4
19.05.2003 00:00:00,30.34
26.05.2003 00:00:00,30.3
02.06.2003 00:00:00,30.26
09.06.2003 00:00:00,30.21
16.06.2003 00:00:00,30.17
23.06.2003 00:00:00,30.12
30.06.2003 00:00:00,30.06
07.07.2003 00:00:00,30.03
14.07.2003 00:00:00,30.01
21.07.2003 00:00:00,29.98
28.07.2003 00:00:00,29.955
04.08.2003 00:00:00,29.93
11.08.2003 00:00:00,29.91
18.08.2003 00:00:00,29.88
25.08.2003 00:00:00,29.86
01.09.2003 00:00:00,29.83
08.09.2003 00:00:00,29.82
15.09.2003 00:00:00,29.86
22.09.2003 00:00:00,29.98
29.09.2003 00:00:00,30.01
06.10.2003 00:00:00,29.94
13.10.2003 00:00:00,29.93
20.10.2003 00:00:00,29.92
27.10.2003 00:00:00,29.915
03.11.2003 00:00:00,29.91
10.11.2003 00:00:00,29.92
17.11.2003 00:00:00,29.93
24.11.2003 00:00:00,29.95
01.12.2003 00:00:00,29.97
08.12.2003 00:00:00,29.96
15.12.2003 00:00:00,29.97
22.12.2003 00:00:00,30.02
29.12.2003 00:00:00,30.06
05.01.2004 00:00:00,30.07
12.01.2004 00:00:00,30.12
19.01.2004 00:00:00,30.28
26.01.2004 00:00:00,30.29
02.02.2004 00:00:00,30.3
09.02.2004 00:00:00,30.4
16.02.2004 00:00:00,30.46
23.02.2004 00:00:00,30.44
01.03.2004 00:00:00,30.45
08.03.2004 00:00:00,30.45
15.03.2004 00:00:00,30.43
22.03.2004 00:00:00,30.44
29.03.2004 00:00:00,30.38
05.04.2004 00:00:00,30.37
12.04.2004 00:00:00,30.37
19.04.2004 00:00:00,30.35
26.04.2004 00:00:00,30.33
03.05.2004 00:00:00,30.31
10.05.2004 00:00:00,30.32
17.05.2004 00:00:00,30.3
24.05.2004 00:00:00,30.27
31.05.2004 00:00:00,30.24
07.06.2004 00:00:00,30.21
14.06.2004 00:00:00,30.17
21.06.2004 00:00:00,30.15
28.06.2004 00:00:00,30.23
05.07.2004 00:00:00,30.21
12.07.2004 00:00:00,30.2
19.07.2004 00:00:00,30.29
26.07.2004 00:00:00,30.235
02.08.2004 00:00:00,30.18
09.08.2004 00:00:00,30.17
16.08.2004 00:00:00,30.14
23.08.2004 00:00:00,30.11
30.08.2004 00:00:00,30.1
06.09.2004 00:00:00,30.07
13.09.2004 00:00:00,30.05
20.09.2004 00:00:00,30.03
27.09.2004 00:00:00,30.02
04.10.2004 00:00:00,30.01
11.10.2004 00:00:00,30
18.10.2004 00:00:00,29.99
25.10.2004 00:00:00,30.03
01.11.2004 00:00:00,29.96
08.11.2004 00:00:00,29.96
15.11.2004 00:00:00,29.97
22.11.2004 00:00:00,30.01
29.11.2004 00:00:00,30.1
06.12.2004 00:00:00,30.08
13.12.2004 00:00:00,30.07
20.12.2004 00:00:00,30.1
27.12.2004 00:00:00,30.135
03.01.2005 00:00:00,30.17
10.01.2005 00:00:00,30.2
17.01.2005 00:00:00,30.22
24.01.2005 00:00:00,30.37
31.01.2005 00:00:00,30.42
07.02.2005 00:00:00,30.56
14.02.2005 00:00:00,30.4
21.02.2005 00:00:00,30.66
28.02.2005 00:00:00,30.7
07.03.2005 00:00:00,30.67
14.03.2005 00:00:00,30.76
21.03.2005 00:00:00,30.73
28.03.2005 00:00:00,30.695
04.04.2005 00:00:00,30.66
11.04.2005 00:00:00,30.68
18.04.2005 00:00:00,30.65
25.04.2005 00:00:00,30.46
02.05.2005 00:00:00,30.41
09.05.2005 00:00:00,30.4
16.05.2005 00:00:00,30.38
23.05.2005 00:00:00,30.33
30.05.2005 00:00:00,30.29
06.06.2005 00:00:00,30.24
13.06.2005 00:00:00,30.21
20.06.2005 00:00:00,30.18
27.06.2005 00:00:00,30.145
04.07.2005 00:00:00,30.11
11.07.2005 00:00:00,30.09
18.07.2005 00:00:00,30.07
25.07.2005 00:00:00,30.05
01.08.2005 00:00:00,30.01
08.08.2005 00:00:00,30.03
15.08.2005 00:00:00,30.02
22.08.2005 00:00:00,29.99
29.08.2005 00:00:00,29.97
05.09.2005 00:00:00,29.93
12.09.2005 00:00:00,29.92
19.09.2005 00:00:00,29.9
26.09.2005 00:00:00,29.895
03.10.2005 00:00:00,29.89
10.10.2005 00:00:00,29.9
17.10.2005 00:00:00,29.9
24.10.2005 00:00:00,29.89
31.10.2005 00:00:00,29.89
07.11.2005 00:00:00,29.9
14.11.2005 00:00:00,29.9
21.11.2005 00:00:00,29.93
28.11.2005 00:00:00,29.95
05.12.2005 00:00:00,29.97
12.12.2005 00:00:00,29.99
19.12.2005 00:00:00,30.02
26.12.2005 00:00:00,30.075
02.01.2006 00:00:00,30.13
09.01.2006 00:00:00,30.16
16.01.2006 00:00:00,30.12
23.01.2006 00:00:00,30.08
30.01.2006 00:00:00,30.16
06.02.2006 00:00:00,30.21
13.02.2006 00:00:00,30.25
20.02.2006 00:00:00,30.31
27.02.2006 00:00:00,30.32
06.03.2006 00:00:00,30.33
13.03.2006 00:00:00,30.34
20.03.2006 00:00:00,30.36
27.03.2006 00:00:00,30.415
03.04.2006 00:00:00,30.47
10.04.2006 00:00:00,30.53
17.04.2006 00:00:00,30.53
24.04.2006 00:00:00,30.55
01.05.2006 00:00:00,30.54
08.05.2006 00:00:00,30.5
15.05.2006 00:00:00,30.41
22.05.2006 00:00:00,30.36
29.05.2006 00:00:00,30.46
05.06.2006 00:00:00,30.4
12.06.2006 00:00:00,30.32
19.06.2006 00:00:00,30.33
26.06.2006 00:00:00,30.28
03.07.2006 00:00:00,30.23
10.07.2006 00:00:00,30.18
17.07.2006 00:00:00,30.13
24.07.2006 00:00:00,30.05
31.07.2006 00:00:00,30
07.08.2006 00:00:00,29.95
14.08.2006 00:00:00,29.93
21.08.2006 00:00:00,30.01
28.08.2006 00:00:00,29.955
04.09.2006 00:00:00,29.9
11.09.2006 00:00:00,29.89
18.09.2006 00:00:00,29.89
25.09.2006 00:00:00,29.87
02.10.2006 00:00:00,29.81
09.10.2006 00:00:00,29.79
16.10.2006 00:00:00,29.8
23.10.2006 00:00:00,29.81
30.10.2006 00:00:00,29.79
06.11.2006 00:00:00,29.77
13.11.2006 00:00:00,29.81
20.11.2006 00:00:00,29.81
27.11.2006 00:00:00,29.825
04.12.2006 00:00:00,29.84
11.12.2006 00:00:00,29.86
18.12.2006 00:00:00,29.88
25.12.2006 00:00:00,29.9
01.01.2007 00:00:00,29.93
08.01.2007 00:00:00,29.97
15.01.2007 00:00:00,30.02
22.01.2007 00:00:00,30.07
29.01.2007 00:00:00,30.23
05.02.2007 00:00:00,30.26
12.02.2007 00:00:00,30.31
19.02.2007 00:00:00,30.34
26.02.2007 00:00:00,30.42
05.03.2007 00:00:00,30.48
12.03.2007 00:00:00,30.45
19.03.2007 00:00:00,30.51
26.03.2007 00:00:00,30.525
02.04.2007 00:00:00,30.54
09.04.2007 00:00:00,30.5
16.04.2007 00:00:00,30.45
23.04.2007 00:00:00,30.42
30.04.2007 00:00:00,30.35
07.05.2007 00:00:00,30.32
14.05.2007 00:00:00,30.29
21.05.2007 00:00:00,30.26
28.05.2007 00:00:00,30.29
04.06.2007 00:00:00,30.32
11.06.2007 00:00:00,30.25
18.06.2007 00:00:00,30.24
25.06.2007 00:00:00,30.22
02.07.2007 00:00:00,30.26
09.07.2007 00:00:00,30.25
16.07.2007 00:00:00,30.33
23.07.2007 00:00:00,30.3
30.07.2007 00:00:00,30.28
06.08.2007 00:00:00,30.23
13.08.2007 00:00:00,30.2
20.08.2007 00:00:00,30.25
27.08.2007 00:00:00,30.285
03.09.2007 00:00:00,30.32
10.09.2007 00:00:00,30.4
17.09.2007 00:00:00,30.37
24.09.2007 00:00:00,30.34
01.10.2007 00:00:00,30.38
08.10.2007 00:00:00,30.41
15.10.2007 00:00:00,30.36
22.10.2007 00:00:00,30.33
29.10.2007 00:00:00,30.31
05.11.2007 00:00:00,30.35
12.11.2007 00:00:00,30.46
19.11.2007 00:00:00,30.46
26.11.2007 00:00:00,30.495
03.12.2007 00:00:00,30.53
10.12.2007 00:00:00,30.62
17.12.2007 00:00:00,30.53
24.12.2007 00:00:00,30.56
31.12.2007 00:00:00,30.49
07.01.2008 00:00:00,30.47
14.01.2008 00:00:00,30.47
21.01.2008 00:00:00,30.81
28.01.2008 00:00:00,30.835
04.02.2008 00:00:00,30.86
11.02.2008 00:00:00,30.77
18.02.2008 00:00:00,30.73
25.02.2008 00:00:00,30.71
03.03.2008 00:00:00,30.69
10.03.2008 00:00:00,30.81
17.03.2008 00:00:00,30.86
24.03.2008 00:00:00,30.9
31.03.2008 00:00:00,30.85
07.04.2008 00:00:00,30.85
14.04.2008 00:00:00,30.82
21.04.2008 00:00:00,30.8
28.04.2008 00:00:00,30.75
05.05.2008 00:00:00,30.69
12.05.2008 00:00:00,30.62
19.05.2008 00:00:00,30.55
26.05.2008 00:00:00,30.505
02.06.2008 00:00:00,30.46
09.06.2008 00:00:00,30.38
16.06.2008 00:00:00,30.31
23.06.2008 00:00:00,30.26
30.06.2008 00:00:00,30.21
07.07.2008 00:00:00,30.17
14.07.2008 00:00:00,30.16
21.07.2008 00:00:00,30.13
28.07.2008 00:00:00,30.095
04.08.2008 00:00:00,30.06
11.08.2008 00:00:00,30.02
18.08.2008 00:00:00,30
25.08.2008 00:00:00,29.97
01.09.2008 00:00:00,29.94
08.09.2008 00:00:00,29.92
15.09.2008 00:00:00,29.9
22.09.2008 00:00:00,29.85
29.09.2008 00:00:00,29.91
06.10.2008 00:00:00,29.85
13.10.2008 00:00:00,29.84
20.10.2008 00:00:00,29.88
27.10.2008 00:00:00,29.785
03.11.2008 00:00:00,29.69
10.11.2008 00:00:00,29.76
17.11.2008 00:00:00,29.82
24.11.2008 00:00:00,29.88
01.12.2008 00:00:00,29.93
08.12.2008 00:00:00,29.98
15.12.2008 00:00:00,30.05
22.12.2008 00:00:00,30.15
29.12.2008 00:00:00,30.05
05.01.2009 00:00:00,30.06
12.01.2009 00:00:00,30.05
19.01.2009 00:00:00,30.04
26.01.2009 00:00:00,30.08
02.02.2009 00:00:00,30.12
09.02.2009 00:00:00,30.14
16.02.2009 00:00:00,30.16
23.02.2009 00:00:00,30.19
02.03.2009 00:00:00,30.22
09.03.2009 00:00:00,30.26
16.03.2009 00:00:00,30.31
23.03.2009 00:00:00,30.31
30.03.2009 00:00:00,30.36
06.04.2009 00:00:00,30.31
13.04.2009 00:00:00,30.27
20.04.2009 00:00:00,30.21
27.04.2009 00:00:00,30.185
04.05.2009 00:00:00,30.16
11.05.2009 00:00:00,30.12
18.05.2009 00:00:00,30.09
25.05.2009 00:00:00,30.12
01.06.2009 00:00:00,30.04
08.06.2009 00:00:00,29.96
15.06.2009 00:00:00,29.95
22.06.2009 00:00:00,29.9
29.06.2009 00:00:00,29.92
06.07.2009 00:00:00,29.89
13.07.2009 00:00:00,29.85
20.07.2009 00:00:00,29.84
27.07.2009 00:00:00,29.83
03.08.2009 00:00:00,29.82
10.08.2009 00:00:00,29.76
17.08.2009 00:00:00,29.73
24.08.2009 00:00:00,29.72
31.08.2009 00:00:00,29.66
07.09.2009 00:00:00,29.63
14.09.2009 00:00:00,29.6
21.09.2009 00:00:00,29.62
28.09.2009 00:00:00,29.58
05.10.2009 00:00:00,29.68
12.10.2009 00:00:00,29.76
19.10.2009 00:00:00,29.82
26.10.2009 00:00:00,29.875
02.11.2009 00:00:00,29.93
09.11.2009 00:00:00,29.98
16.11.2009 00:00:00,30.04
23.11.2009 00:00:00,30.11
30.11.2009 00:00:00,30.17
07.12.2009 00:00:00,30.24
14.12.2009 00:00:00,30.31
21.12.2009 00:00:00,30.38
28.12.2009 00:00:00,30.41
04.01.2010 00:00:00,30.44
11.01.2010 00:00:00,30.46
18.01.2010 00:00:00,30.5
25.01.2010 00:00:00,30.48
01.02.2010 00:00:00,30.52
08.02.2010 00:00:00,30.5
15.02.2010 00:00:00,30.47
22.02.2010 00:00:00,30.45
01.03.2010 00:00:00,30.75
08.03.2010 00:00:00,30.73
15.03.2010 00:00:00,30.72
22.03.2010 00:00:00,30.7
29.03.2010 00:00:00,30.72
05.04.2010 00:00:00,30.66
12.04.2010 00:00:00,30.6
19.04.2010 00:00:00,30.54
26.04.2010 00:00:00,30.51
03.05.2010 00:00:00,30.48
10.05.2010 00:00:00,30.45
17.05.2010 00:00:00,30.57
24.05.2010 00:00:00,30.69
31.05.2010 00:00:00,30.61
07.06.2010 00:00:00,30.54
14.06.2010 00:00:00,30.5
21.06.2010 00:00:00,30.43
28.06.2010 00:00:00,30.35
05.07.2010 00:00:00,30.24
12.07.2010 00:00:00,30.18
19.07.2010 00:00:00,30.17
26.07.2010 00:00:00,30.145
02.08.2010 00:00:00,30.12
09.08.2010 00:00:00,30.14
16.08.2010 00:00:00,30.02
23.08.2010 00:00:00,30.15
30.08.2010 00:00:00,30.37
06.09.2010 00:00:00,30.39
13.09.2010 00:00:00,30.44
20.09.2010 00:00:00,30.47
27.09.2010 00:00:00,30.57
04.10.2010 00:00:00,30.67
11.10.2010 00:00:00,30.65
18.10.2010 00:00:00,30.61
25.10.2010 00:00:00,30.57
01.11.2010 00:00:00,30.56
08.11.2010 00:00:00,30.67
15.11.2010 00:00:00,30.69
22.11.2010 00:00:00,30.73
29.11.2010 00:00:00,30.76
06.12.2010 00:00:00,30.73
13.12.2010 00:00:00,30.85
20.12.2010 00:00:00,30.76
27.12.2010 00:00:00,30.85
03.01.2011 00:00:00,30.94
10.01.2011 00:00:00,30.98
17.01.2011 00:00:00,31.15
24.01.2011 00:00:00,31.05
31.01.2011 00:00:00,30.98
07.02.2011 00:00:00,30.93
14.02.2011 00:00:00,30.92
21.02.2011 00:00:00,30.89
28.02.2011 00:00:00,30.83
07.03.2011 00:00:00,30.81
14.03.2011 00:00:00,30.8
21.03.2011 00:00:00,30.77
28.03.2011 00:00:00,30.75
04.04.2011 00:00:00,30.73
11.04.2011 00:00:00,30.7
18.04.2011 00:00:00,30.67
25.04.2011 00:00:00,30.63
02.05.2011 00:00:00,30.56
09.05.2011 00:00:00,30.5
16.05.2011 00:00:00,30.43
23.05.2011 00:00:00,30.4
30.05.2011 00:00:00,30.33
06.06.2011 00:00:00,30.27
13.06.2011 00:00:00,30.25
20.06.2011 00:00:00,30.23
27.06.2011 00:00:00,30.215
04.07.2011 00:00:00,30.2
11.07.2011 00:00:00,30.31
18.07.2011 00:00:00,30.32
25.07.2011 00:00:00,30.3
01.08.2011 00:00:00,30.29
08.08.2011 00:00:00,30.32
15.08.2011 00:00:00,30.29
22.08.2011 00:00:00,30.24
29.08.2011 00:00:00,30.25
05.09.2011 00:00:00,30.34
12.09.2011 00:00:00,30.37
19.09.2011 00:00:00,30.34
26.09.2011 00:00:00,30.32
03.10.2011 00:00:00,30.3
10.10.2011 00:00:00,30.25
17.10.2011 00:00:00,30.38
24.10.2011 00:00:00,30.32
31.10.2011 00:00:00,30.28
07.11.2011 00:00:00,30.25
14.11.2011 00:00:00,30.23
21.11.2011 00:00:00,30.23
28.11.2011 00:00:00,30.21
05.12.2011 00:00:00,30.2
12.12.2011 00:00:00,30.26
19.12.2011 00:00:00,30.4
26.12.2011 00:00:00,30.425
02.01.2012 00:00:00,30.45
09.01.2012 00:00:00,30.56
16.01.2012 00:00:00,30.63
23.01.2012 00:00:00,30.69
30.01.2012 00:00:00,30.69
06.02.2012 00:00:00,30.6
13.02.2012 00:00:00,30.58
20.02.2012 00:00:00,30.61
27.02.2012 00:00:00,30.74
05.03.2012 00:00:00,30.69
12.03.2012 00:00:00,30.66
19.03.2012 00:00:00,30.63
26.03.2012 00:00:00,30.61
02.04.2012 00:00:00,30.59
09.04.2012 00:00:00,30.6
16.04.2012 00:00:00,30.57
23.04.2012 00:00:00,30.54
30.04.2012 00:00:00,30.48
07.05.2012 00:00:00,30.45
14.05.2012 00:00:00,30.43
21.05.2012 00:00:00,30.41
28.05.2012 00:00:00,30.38
04.06.2012 00:00:00,30.35
11.06.2012 00:00:00,30.32
18.06.2012 00:00:00,30.31
25.06.2012 00:00:00,30.26
02.07.2012 00:00:00,30.2
09.07.2012 00:00:00,30.19
16.07.2012 00:00:00,30.16
23.07.2012 00:00:00,30.15
30.07.2012 00:00:00,30.08
06.08.2012 00:00:00,30.08
13.08.2012 00:00:00,30.03
20.08.2012 00:00:00,30.02
27.08.2012 00:00:00,30.005
03.09.2012 00:00:00,29.99
10.09.2012 00:00:00,29.95
17.09.2012 00:00:00,29.93
24.09.2012 00:00:00,29.92
01.10.2012 00:00:00,29.87
08.10.2012 00:00:00,29.9
15.10.2012 00:00:00,29.93
22.10.2012 00:00:00,29.92
29.10.2012 00:00:00,29.95
05.11.2012 00:00:00,29.95
12.11.2012 00:00:00,29.95
19.11.2012 00:00:00,29.98
26.11.2012 00:00:00,29.98
03.12.2012 00:00:00,29.98
10.12.2012 00:00:00,30.01
17.12.2012 00:00:00,29.93
24.12.2012 00:00:00,30.14
31.12.2012 00:00:00,30.24
07.01.2013 00:00:00,30.31
14.01.2013 00:00:00,30.43
21.01.2013 00:00:00,30.39
28.01.2013 00:00:00,30.415
04.02.2013 00:00:00,30.44
11.02.2013 00:00:00,30.61
18.02.2013 00:00:00,30.59
25.02.2013 00:00:00,30.6
04.03.2013 00:00:00,30.63
11.03.2013 00:00:00,30.61
18.03.2013 00:00:00,30.61
25.03.2013 00:00:00,30.59
01.04.2013 00:00:00,30.59
08.04.2013 00:00:00,30.62
15.04.2013 00:00:00,30.64
22.04.2013 00:00:00,30.61
29.04.2013 00:00:00,30.54
06.05.2013 00:00:00,30.51
13.05.2013 00:00:00,30.5
20.05.2013 00:00:00,30.46
27.05.2013 00:00:00,30.525
03.06.2013 00:00:00,30.59
10.06.2013 00:00:00,30.51
17.06.2013 00:00:00,30.46
24.06.2013 00:00:00,30.41
01.07.2013 00:00:00,30.37
08.07.2013 00:00:00,30.32
15.07.2013 00:00:00,30.29
22.07.2013 00:00:00,30.2
29.07.2013 00:00:00,30.16
05.08.2013 00:00:00,30.11
12.08.2013 00:00:00,30.07
19.08.2013 00:00:00,30.05
26.08.2013 00:00:00,30.035
02.09.2013 00:00:00,30.02
09.09.2013 00:00:00,30
16.09.2013 00:00:00,29.98
23.09.2013 00:00:00,29.98
30.09.2013 00:00:00,30.0746582733813
07.10.2013 00:00:00,30.0684352517986
14.10.2013 00:00:00,30.080881294964
21.10.2013 00:00:00,30.1617805755396
28.10.2013 00:00:00,30.1866726618705
04.11.2013 00:00:00,30.2053417266187
11.11.2013 00:00:00,30.2302338129496
18.11.2013 00:00:00,30.39
25.11.2013 00:00:00,30.23
02.12.2013 00:00:00,30.24
09.12.2013 00:00:00,30.28
16.12.2013 00:00:00,30.38
23.12.2013 00:00:00,30.37
30.12.2013 00:00:00,30.35
06.01.2014 00:00:00,30.38
13.01.2014 00:00:00,30.42
20.01.2014 00:00:00,30.41
27.01.2014 00:00:00,30.39
03.02.2014 00:00:00,30.37
10.02.2014 00:00:00,30.39
17.02.2014 00:00:00,30.41
24.02.2014 00:00:00,30.39
03.03.2014 00:00:00,30.38
10.03.2014 00:00:00,30.33
17.03.2014 00:00:00,30.31
24.03.2014 00:00:00,30.28
31.03.2014 00:00:00,30.24
07.04.2014 00:00:00,30.21
14.04.2014 00:00:00,30.19
21.04.2014 00:00:00,30.17
28.04.2014 00:00:00,30.14
05.05.2014 00:00:00,30.1
12.05.2014 00:00:00,30.07
19.05.2014 00:00:00,30.05
26.05.2014 00:00:00,30.03
02.06.2014 00:00:00,30.01
09.06.2014 00:00:00,29.99
16.06.2014 00:00:00,29.97
23.06.2014 00:00:00,29.94
30.06.2014 00:00:00,29.9
07.07.2014 00:00:00,29.88
14.07.2014 00:00:00,29.89
21.07.2014 00:00:00,29.88
28.07.2014 00:00:00,30.105
04.08.2014 00:00:00,30.33
11.08.2014 00:00:00,30.34
18.08.2014 00:00:00,30.29
25.08.2014 00:00:00,30.25
01.09.2014 00:00:00,30.2
08.09.2014 00:00:00,30.19
15.09.2014 00:00:00,30.16
22.09.2014 00:00:00,30.17
29.09.2014 00:00:00,30.14
06.10.2014 00:00:00,30.12
13.10.2014 00:00:00,30.14
20.10.2014 00:00:00,30.11
27.10.2014 00:00:00,30.085
03.11.2014 00:00:00,30.06
10.11.2014 00:00:00,30
17.11.2014 00:00:00,29.98
24.11.2014 00:00:00,29.95
01.12.2014 00:00:00,30.06
08.12.2014 00:00:00,29.96
15.12.2014 00:00:00,29.81
22.12.2014 00:00:00,30.11
29.12.2014 00:00:00,30.04
05.01.2015 00:00:00,30.23
12.01.2015 00:00:00,30.26
19.01.2015 00:00:00,30.33
26.01.2015 00:00:00,30.37
02.02.2015 00:00:00,30.41
09.02.2015 00:00:00,30.4
16.02.2015 00:00:00,30.36
23.02.2015 00:00:00,30.3279894179894
02.03.2015 00:00:00,30.2958201058201
09.03.2015 00:00:00,30.3360317460317
16.03.2015 00:00:00,30.3199470899471
23.03.2015 00:00:00,30.2877777777778
30.03.2015 00:00:00,30.31
06.04.2015 00:00:00,30.3
13.04.2015 00:00:00,30.26
20.04.2015 00:00:00,30.23
27.04.2015 00:00:00,30.21
04.05.2015 00:00:00,30.19
11.05.2015 00:00:00,30.17
18.05.2015 00:00:00,30.13
25.05.2015 00:00:00,30.13
01.06.2015 00:00:00,30.05
08.06.2015 00:00:00,30.01
15.06.2015 00:00:00,29.96
22.06.2015 00:00:00,29.91
29.06.2015 00:00:00,29.88
06.07.2015 00:00:00,29.83
13.07.2015 00:00:00,29.81
20.07.2015 00:00:00,29.82
27.07.2015 00:00:00,29.8
03.08.2015 00:00:00,29.78
10.08.2015 00:00:00,29.76
17.08.2015 00:00:00,29.73
24.08.2015 00:00:00,29.78
31.08.2015 00:00:00,29.86
07.09.2015 00:00:00,29.87
14.09.2015 00:00:00,29.87
21.09.2015 00:00:00,29.89
28.09.2015 00:00:00,29.87
05.10.2015 00:00:00,29.86
12.10.2015 00:00:00,29.84
19.10.2015 00:00:00,29.94
26.10.2015 00:00:00,29.95
02.11.2015 00:00:00,29.96
09.11.2015 00:00:00,29.97
16.11.2015 00:00:00,29.99
23.11.2015 00:00:00,30.15
30.11.2015 00:00:00,30.25
07.12.2015 00:00:00,30.28
14.12.2015 00:00:00,30.34
21.12.2015 00:00:00,30.36
28.12.2015 00:00:00,30.35
04.01.2016 00:00:00,30.34
11.01.2016 00:00:00,30.33
18.01.2016 00:00:00,30.41
25.01.2016 00:00:00,30.37
01.02.2016 00:00:00,30.45
08.02.2016 00:00:00,30.44
15.02.2016 00:00:00,30.46
22.02.2016 00:00:00,30.55
29.02.2016 00:00:00,30.52
07.03.2016 00:00:00,30.52
14.03.2016 00:00:00,30.46
21.03.2016 00:00:00,30.44
28.03.2016 00:00:00,30.435
04.04.2016 00:00:00,30.43
11.04.2016 00:00:00,30.4
18.04.2016 00:00:00,30.37
25.04.2016 00:00:00,30.32
02.05.2016 00:00:00,30.29
09.05.2016 00:00:00,30.26
16.05.2016 00:00:00,30.21
23.05.2016 00:00:00,30.17
30.05.2016 00:00:00,30.15
06.06.2016 00:00:00,30.13
13.06.2016 00:00:00,30.09
20.06.2016 00:00:00,30.09
27.06.2016 00:00:00,30.07
04.07.2016 00:00:00,30.05
11.07.2016 00:00:00,30
18.07.2016 00:00:00,29.94
25.07.2016 00:00:00,29.91
01.08.2016 00:00:00,29.93
08.08.2016 00:00:00,29.93
15.08.2016 00:00:00,29.89
22.08.2016 00:00:00,29.88
29.08.2016 00:00:00,29.85
05.09.2016 00:00:00,29.83
12.09.2016 00:00:00,29.81
19.09.2016 00:00:00,29.8
26.09.2016 00:00:00,29.785
03.10.2016 00:00:00,29.77
10.10.2016 00:00:00,29.78
17.10.2016 00:00:00,29.78
24.10.2016 00:00:00,29.78
31.10.2016 00:00:00,29.78
07.11.2016 00:00:00,29.77
14.11.2016 00:00:00,29.81
21.11.2016 00:00:00,29.84
28.11.2016 00:00:00,29.86
05.12.2016 00:00:00,29.87
12.12.2016 00:00:00,29.81
19.12.2016 00:00:00,29.96
26.12.2016 00:00:00,29.985
02.01.2017 00:00:00,30.01
09.01.2017 00:00:00,30.07
16.01.2017 00:00:00,30.13
23.01.2017 00:00:00,30.16
30.01.2017 00:00:00,30.18
06.02.2017 00:00:00,30.22
13.02.2017 00:00:00,30.19
20.02.2017 00:00:00,30.22
27.02.2017 00:00:00,30.28
06.03.2017 00:00:00,30.31
13.03.2017 00:00:00,30.3
20.03.2017 00:00:00,30.34
27.03.2017 00:00:00,30.33
03.04.2017 00:00:00,30.32
10.04.2017 00:00:00,30.29
17.04.2017 00:00:00,30.28
24.04.2017 00:00:00,30.24
01.05.2017 00:00:00,30.21
08.05.2017 00:00:00,30.19
15.05.2017 00:00:00,30.18
22.05.2017 00:00:00,30.17
29.05.2017 00:00:00,30.14
05.06.2017 00:00:00,30.12
12.06.2017 00:00:00,30.08
19.06.2017 00:00:00,30.05
26.06.2017 00:00:00,30.135
03.07.2017 00:00:00,30.22
10.07.2017 00:00:00,30.21
17.07.2017 00:00:00,30.17
24.07.2017 00:00:00,30.13
31.07.2017 00:00:00,30.42
07.08.2017 00:00:00,30.35
14.08.2017 00:00:00,30.36
21.08.2017 00:00:00,30.31
28.08.2017 00:00:00,30.27
04.09.2017 00:00:00,30.23
11.09.2017 00:00:00,30.2
18.09.2017 00:00:00,30.17
25.09.2017 00:00:00,30.14
02.10.2017 00:00:00,30.12
09.10.2017 00:00:00,30.19
16.10.2017 00:00:00,30.24
23.10.2017 00:00:00,30.22
30.10.2017 00:00:00,30.26
06.11.2017 00:00:00,30.28
13.11.2017 00:00:00,30.29
20.11.2017 00:00:00,30.3
27.11.2017 00:00:00,30.355
04.12.2017 00:00:00,30.41
11.12.2017 00:00:00,30.42
18.12.2017 00:00:00,30.48
25.12.2017 00:00:00,30.48
01.01.2018 00:00:00,30.45
08.01.2018 00:00:00,30.56
15.01.2018 00:00:00,30.52
22.01.2018 00:00:00,30.56
29.01.2018 00:00:00,30.61
05.02.2018 00:00:00,30.61
12.02.2018 00:00:00,30.55
19.02.2018 00:00:00,30.51
26.02.2018 00:00:00,30.46
05.03.2018 00:00:00,30.44
12.03.2018 00:00:00,30.54
19.03.2018 00:00:00,30.51
26.03.2018 00:00:00,30.535
02.04.2018 00:00:00,30.56
09.04.2018 00:00:00,30.64
